campaign_id,scenario,reached_audience,estimated_clicks,estimated_conversions,estimated_revenue,total_campaign_cost,estimated_gross_profit,campaign_profit,contribution_profit,cost_per_acquisition,roas_x,campaign_roi_pct,contribution_roi_pct,break_even_conversions,break_even_conversion_rate_pct,effective_reach_rate_pct,effective_click_through_rate_pct,effective_conversion_rate_pct,currency,version
CAM-001,conservative,280000.00,5600.00,168.00,302400.00,375000.00,196560.00,-72600.00,-178440.00,2232.14,0.81,-19.36,-47.58,320.51,5.72,28.00,2.00,3.00,INR,roi-simulator-v1.0
CAM-001,expected,350000.00,8750.00,350.00,630000.00,375000.00,409500.00,255000.00,34500.00,1071.43,1.68,68.00,9.20,320.51,3.66,35.00,2.50,4.00,INR,roi-simulator-v1.0
CAM-001,optimistic,402500.00,12075.00,603.75,1086750.00,375000.00,706387.50,711750.00,331387.50,621.12,2.90,189.80,88.37,320.51,2.65,40.25,3.00,5.00,INR,roi-simulator-v1.0
CAM-002,conservative,256000.00,6144.00,230.40,690969.60,560000.00,518227.20,130969.60,-41772.80,2430.56,1.23,23.39,-7.46,248.97,4.05,32.00,2.40,3.75,INR,roi-simulator-v1.0
CAM-002,expected,320000.00,9600.00,480.00,1439520.00,560000.00,1079640.00,879520.00,519640.00,1166.67,2.57,157.06,92.79,248.97,2.59,40.00,3.00,5.00,INR,roi-simulator-v1.0
CAM-002,optimistic,368000.00,13248.00,828.00,2483172.00,560000.00,1862379.00,1923172.00,1302379.00,676.33,4.43,343.42,232.57,248.97,1.88,46.00,3.60,6.25,INR,roi-simulator-v1.0
CAM-003,conservative,144000.00,3225.60,72.58,907200.00,530000.00,199584.00,377200.00,-330416.00,7302.69,1.71,71.17,-62.34,192.73,5.97,24.00,2.24,2.25,INR,roi-simulator-v1.0
CAM-003,expected,180000.00,5040.00,151.20,1890000.00,530000.00,415800.00,1360000.00,-114200.00,3505.29,3.57,256.60,-21.55,192.73,3.82,30.00,2.80,3.00,INR,roi-simulator-v1.0
CAM-003,optimistic,207000.00,6955.20,260.82,3260250.00,530000.00,717255.00,2730250.00,187255.00,2032.05,6.15,515.14,35.33,192.73,2.77,34.50,3.36,3.75,INR,roi-simulator-v1.0
